"","df","AIC"
"model_transformed",19.9802448786353,-573.949418160044
"model_original",16.8736024768075,-732.430694981149
