"","df","AIC"
"model_transformed",17.6538422233041,-186.73779750577
"model_original",19.3572091170136,245.456811548782
