"","df","AIC"
"model_transformed",25.387305371072,-448.06962720063
"model_original",27.3390913758315,217.765189292757
