"","df","AIC"
"model_transformed",24.7858325065514,-68.0191140577181
"model_original",28.6781956091753,-155.524350676691
