"","df","AIC"
"model_transformed",23.9309366387735,-354.045685249872
"model_original",21.9187855622695,-306.98054966012
